{
    "loss": 27.37301254272461,
    "accuracy": 0.48201438784599304
}