{
    "loss": 3.8287594318389893,
    "accuracy": 0.6187050342559814
}